{
    "rmse": 7116.682646740963,
    "mae": 5292.704844333443,
    "r2": 0.6737675684783273
}